wavelet,level,hair_removal,dice,jaccard,accuracy,accuracy_std,sensitivity,sensitivity_std,specificity,specificity_std,auc,auc_std
haar,1,True,0.8164,0.7153,0.84,0.0108,0.8,0.0354,0.85,0.0102,0.9249,0.0093
haar,2,True,0.8117,0.712,0.8433,0.033,0.85,0.0354,0.8417,0.0376,0.9181,0.0148
haar,3,True,0.7801,0.6772,0.865,0.0122,0.8667,0.0118,0.8646,0.0128,0.9427,0.0053
db4,1,True,0.7988,0.6906,0.8317,0.0131,0.8417,0.0425,0.8292,0.0206,0.9217,0.0094
db4,2,True,0.7376,0.6109,0.835,0.0,0.8583,0.0312,0.8292,0.0078,0.9198,0.0082
db4,3,True,0.6465,0.4946,0.8633,0.0047,0.8917,0.0312,0.8562,0.0051,0.9427,0.0129
sym4,1,True,0.7975,0.6882,0.8433,0.0103,0.8583,0.0514,0.8396,0.0128,0.9268,0.015
sym4,2,True,0.7446,0.6182,0.8183,0.0047,0.825,0.0204,0.8167,0.0029,0.9121,0.0061
sym4,3,True,0.6543,0.5062,0.835,0.0071,0.8417,0.0312,0.8333,0.0059,0.9156,0.0093
haar,1,False,0.8095,0.708,0.8183,0.017,0.85,0.0,0.8104,0.0212,0.9161,0.0069
haar,2,False,0.8162,0.7143,0.83,0.0308,0.8667,0.0514,0.8208,0.0262,0.9015,0.0165
haar,3,False,0.7927,0.689,0.835,0.0108,0.8,0.0354,0.8438,0.0051,0.9041,0.0104
db4,1,False,0.7927,0.6828,0.7983,0.0205,0.8417,0.0118,0.7875,0.0234,0.9112,0.0071
db4,2,False,0.7311,0.6049,0.7917,0.0062,0.8583,0.0236,0.775,0.0135,0.9005,0.0028
db4,3,False,0.6432,0.4918,0.8483,0.0094,0.8917,0.0118,0.8375,0.0088,0.9363,0.0113
sym4,1,False,0.7857,0.677,0.795,0.0041,0.85,0.0204,0.7812,0.0088,0.9114,0.004
sym4,2,False,0.7374,0.6128,0.7883,0.0047,0.8333,0.0236,0.7771,0.0059,0.8937,0.0088
sym4,3,False,0.6633,0.5154,0.82,0.0082,0.8333,0.0118,0.8167,0.0106,0.9098,0.0127
